actions	Eve Yung and Eve Yung GenerateInstitution at (x = 71, y = 79), 5:00:25 PM	
actions	Eve Yung and Eve Yung InstitutionHiring at (x = 71, y = 79), 5:00:25 PM	
actions	Adam Yung and Eve Yung Talk at (x = 0, y = 28), 5:00:25 PM	
actions	Adam Yung and Eve Yung Heard at (x = 0, y = 28), 5:00:25 PM	
actions	Eve Yung and Adam Yung Heard at (x = 0, y = 28), 5:00:25 PM	
actions	Adam Yung and Adam Yung Talk at (x = 63, y = 24), 5:00:25 PM	
actions	Adam Yung and Adam Yung Heard at (x = 63, y = 24), 5:00:25 PM	
actions	Adam Yung and Adam Yung Heard at (x = 63, y = 24), 5:00:25 PM	
actions	Adam Yung and Eve Yung GiveBirth at (x = 50, y = 78), 5:00:25 PM	
actions	Adam Yung and Eve Yung Heard at (x = 47, y = 50), 5:00:25 PM	
actions	Eve Yung and Adam Yung GiveBirth at (x = 83, y = 32), 5:00:25 PM	
actions	michelina Yung and Vijay Yung Talk at (x = 46, y = 11), 5:00:25 PM	
actions	michelina Yung and Vijay Yung Heard at (x = 46, y = 11), 5:00:25 PM	
actions	Vijay Yung and michelina Yung Heard at (x = 46, y = 11), 5:00:25 PM	
actions	Vijay Yung and michelina Yung Heard at (x = 28, y = 70), 5:00:25 PM	
actions	Vijay Yung and Adam Yung GenerateInstitution at (x = 17, y = 93), 5:00:25 PM	
actions	Vijay Yung and Adam Yung InstitutionHiring at (x = 17, y = 93), 5:00:25 PM	
actions	Vijay Yung and Eve Yung GiveBirth at (x = 45, y = 7), 5:00:25 PM	
actions	michelina Yung and Vijay Yung InstitutionHiring at (x = 41, y = 19), 5:00:26 PM	
actions	Vijay Yung and Vijay Yung InstitutionHiring at (x = 79, y = 6), 5:00:26 PM	
actions	Eve Yung and Adam Yung GenerateInstitution at (x = 39, y = 10), 5:00:26 PM	
actions	Eve Yung and Adam Yung InstitutionHiring at (x = 39, y = 10), 5:00:26 PM	
actions	Vijay Yung and michelina Yung Talk at (x = 15, y = 94), 5:00:26 PM	
actions	Vijay Yung and michelina Yung Heard at (x = 15, y = 94), 5:00:26 PM	
actions	michelina Yung and Vijay Yung Heard at (x = 15, y = 94), 5:00:26 PM	
actions	Bartie Yung and michelina Yung Heard at (x = 50, y = 80), 5:00:26 PM	
actions	Eve Yung and Eve Yung Talk at (x = 7, y = 91), 5:00:26 PM	
actions	Eve Yung and Eve Yung Heard at (x = 7, y = 91), 5:00:26 PM	
actions	Eve Yung and Eve Yung Heard at (x = 7, y = 91), 5:00:26 PM	
actions	Bartie Yung and Bartie Yung InstitutionHiring at (x = 91, y = 12), 5:00:26 PM	
actions	michelina Yung and Vijay Yung Heard at (x = 38, y = 73), 5:00:26 PM	
actions	Adam Yung and Vijay Yung GenerateInstitution at (x = 30, y = 27), 5:00:26 PM	
actions	Adam Yung and Vijay Yung InstitutionHiring at (x = 30, y = 27), 5:00:26 PM	
actions	Vijay Yung and michelina Yung InstitutionHiring at (x = 55, y = 98), 5:00:26 PM	
actions	Adam Yung and michelina Yung InstitutionHiring at (x = 73, y = 30), 5:00:26 PM	
actions	Adam Yung and michelina Yung InstitutionHiring at (x = 21, y = 15), 5:00:26 PM	
actions	Bartie Yung and michelina Yung GenerateInstitution at (x = 28, y = 2), 5:00:26 PM	
actions	Bartie Yung and michelina Yung InstitutionHiring at (x = 28, y = 2), 5:00:26 PM	
actions	Vijay Yung and Adam Yung GenerateInstitution at (x = 40, y = 31), 5:00:26 PM	
actions	Vijay Yung and Adam Yung InstitutionHiring at (x = 40, y = 31), 5:00:26 PM	
actions	Vijay Yung and Bartie Yung GenerateInstitution at (x = 44, y = 52), 5:00:26 PM	
actions	Vijay Yung and Bartie Yung InstitutionHiring at (x = 44, y = 52), 5:00:26 PM	
actions	Eve Yung and michelina Yung InstitutionHiring at (x = 66, y = 10), 5:00:26 PM	
actions	Eve Yung and michelina Yung Heard at (x = 6, y = 25), 5:00:26 PM	
actions	Vijay Yung and Adam Yung Heard at (x = 26, y = 95), 5:00:26 PM	
actions	michelina Yung and Adam Yung GenerateInstitution at (x = 59, y = 90), 5:00:26 PM	
actions	michelina Yung and Adam Yung InstitutionHiring at (x = 59, y = 90), 5:00:26 PM	
actions	michelina Yung and Adam Yung InstitutionHiring at (x = 24, y = 84), 5:00:26 PM	
actions	Eve Yung and michelina Yung Heard at (x = 26, y = 93), 5:00:26 PM	
actions	Adam Yung and Vijay Yung Heard at (x = 55, y = 63), 5:00:26 PM	
actions	michelina Yung and Vijay Yung GiveBirth at (x = 83, y = 10), 5:00:26 PM	
actions	Adam Yung and Eve Yung Talk at (x = 23, y = 36), 5:00:26 PM	
actions	Adam Yung and Eve Yung Heard at (x = 23, y = 36), 5:00:26 PM	
actions	Eve Yung and Adam Yung Heard at (x = 23, y = 36), 5:00:26 PM	
actions	Berke Yung and michelina Yung Heard at (x = 32, y = 9), 5:00:26 PM	
actions	Eve Yung and Adam Yung GenerateInstitution at (x = 8, y = 98), 5:00:26 PM	
actions	Eve Yung and Adam Yung InstitutionHiring at (x = 8, y = 98), 5:00:26 PM	
actions	Berke Yung and Vijay Yung Heard at (x = 65, y = 70), 5:00:26 PM	
actions	Berke Yung and Berke Yung Heard at (x = 68, y = 75), 5:00:26 PM	
actions	Berke Yung and Bartie Yung InstitutionHiring at (x = 60, y = 86), 5:00:26 PM	
actions	Vijay Yung and Berke Yung Talk at (x = 23, y = 15), 5:00:26 PM	
actions	Vijay Yung and Berke Yung Heard at (x = 23, y = 15), 5:00:26 PM	
actions	Berke Yung and Vijay Yung Heard at (x = 23, y = 15), 5:00:26 PM	
actions	Berke Yung and Eve Yung Talk at (x = 18, y = 72), 5:00:26 PM	
actions	Berke Yung and Eve Yung Heard at (x = 18, y = 72), 5:00:26 PM	
actions	Eve Yung and Berke Yung Heard at (x = 18, y = 72), 5:00:26 PM	
actions	Bartie Yung and Vijay Yung Talk at (x = 83, y = 38), 5:00:26 PM	
actions	Bartie Yung and Vijay Yung Heard at (x = 83, y = 38), 5:00:26 PM	
actions	Vijay Yung and Bartie Yung Heard at (x = 83, y = 38), 5:00:26 PM	
actions	Bartie Yung and michelina Yung InstitutionHiring at (x = 65, y = 61), 5:00:26 PM	
actions	Vijay Yung and Berke Yung GenerateInstitution at (x = 11, y = 80), 5:00:26 PM	
actions	Vijay Yung and Berke Yung InstitutionHiring at (x = 11, y = 80), 5:00:26 PM	
actions	Bartie Yung and Vijay Yung Talk at (x = 78, y = 15), 5:00:26 PM	
actions	Bartie Yung and Vijay Yung Heard at (x = 78, y = 15), 5:00:26 PM	
actions	Vijay Yung and Bartie Yung Heard at (x = 78, y = 15), 5:00:26 PM	
actions	Bartie Yung and Eve Yung Talk at (x = 31, y = 77), 5:00:26 PM	
actions	Bartie Yung and Eve Yung Heard at (x = 31, y = 77), 5:00:26 PM	
actions	Eve Yung and Bartie Yung Heard at (x = 31, y = 77), 5:00:26 PM	
actions	Eve Yung and Bartie Yung GenerateInstitution at (x = 40, y = 58), 5:00:26 PM	
actions	Eve Yung and Bartie Yung InstitutionHiring at (x = 40, y = 58), 5:00:26 PM	
actions	Vijay Yung and Berke Yung GenerateInstitution at (x = 10, y = 90), 5:00:26 PM	
actions	Vijay Yung and Berke Yung InstitutionHiring at (x = 10, y = 90), 5:00:26 PM	
actions	Eve Yung and michelina Yung GenerateInstitution at (x = 89, y = 91), 5:00:26 PM	
actions	Eve Yung and michelina Yung InstitutionHiring at (x = 89, y = 91), 5:00:26 PM	
actions	michelina Yung and Berke Yung GenerateInstitution at (x = 24, y = 26), 5:00:26 PM	
actions	michelina Yung and Berke Yung InstitutionHiring at (x = 24, y = 26), 5:00:26 PM	
actions	Bartie Yung and Eve Yung Talk at (x = 28, y = 36), 5:00:26 PM	
actions	Bartie Yung and Eve Yung Heard at (x = 28, y = 36), 5:00:26 PM	
actions	Eve Yung and Bartie Yung Heard at (x = 28, y = 36), 5:00:26 PM	
actions	Vijay Yung and Adam Yung Talk at (x = 3, y = 62), 5:00:26 PM	
actions	Vijay Yung and Adam Yung Heard at (x = 3, y = 62), 5:00:26 PM	
actions	Adam Yung and Vijay Yung Heard at (x = 3, y = 62), 5:00:26 PM	
actions	Bartie Yung and michelina Yung GenerateInstitution at (x = 9, y = 45), 5:00:26 PM	
actions	Bartie Yung and michelina Yung InstitutionHiring at (x = 9, y = 45), 5:00:26 PM	
actions	Bartie Yung and Vijay Yung GenerateInstitution at (x = 30, y = 60), 5:00:27 PM	
actions	Bartie Yung and Vijay Yung InstitutionHiring at (x = 30, y = 60), 5:00:27 PM	
actions	Vijay Yung and michelina Yung InstitutionHiring at (x = 73, y = 90), 5:00:27 PM	
actions	Vijay Yung and Bartie Yung InstitutionHiring at (x = 91, y = 55), 5:00:27 PM	
actions	Eve Yung and Berke Yung Talk at (x = 48, y = 73), 5:00:27 PM	
actions	Eve Yung and Berke Yung Heard at (x = 48, y = 73), 5:00:27 PM	
actions	Berke Yung and Eve Yung Heard at (x = 48, y = 73), 5:00:27 PM	
actions	Adam Yung and Adam Yung InstitutionHiring at (x = 82, y = 96), 5:00:27 PM	
actions	Eve Yung and Vijay Yung GiveBirth at (x = 69, y = 10), 5:00:27 PM	
actions	Adam Yung and michelina Yung InstitutionHiring at (x = 11, y = 25), 5:00:27 PM	
actions	Eve Yung and Adam Yung Talk at (x = 33, y = 68), 5:00:27 PM	
actions	Eve Yung and Adam Yung Heard at (x = 33, y = 68), 5:00:27 PM	
actions	Adam Yung and Eve Yung Heard at (x = 33, y = 68), 5:00:27 PM	
actions	Adam Yung and Eve Yung InstitutionHiring at (x = 42, y = 90), 5:00:27 PM	
actions	Berke Yung and michelina Yung GenerateInstitution at (x = 15, y = 4), 5:00:27 PM	
actions	Berke Yung and michelina Yung InstitutionHiring at (x = 15, y = 4), 5:00:27 PM	
actions	Salomo Yung and Vijay Yung GenerateInstitution at (x = 9, y = 72), 5:00:27 PM	
actions	Salomo Yung and Vijay Yung InstitutionHiring at (x = 9, y = 72), 5:00:27 PM	
actions	Vijay Yung and Bartie Yung Heard at (x = 50, y = 49), 5:00:27 PM	
actions	Berke Yung and Berke Yung InstitutionHiring at (x = 24, y = 43), 5:00:27 PM	
actions	Vijay Yung and Salomo Yung GenerateInstitution at (x = 96, y = 21), 5:00:27 PM	
actions	Vijay Yung and Salomo Yung InstitutionHiring at (x = 96, y = 21), 5:00:27 PM	
actions	Eve Yung and Salomo Yung Heard at (x = 91, y = 84), 5:00:27 PM	
actions	Berke Yung and Adam Yung GenerateInstitution at (x = 26, y = 65), 5:00:27 PM	
actions	Berke Yung and Adam Yung InstitutionHiring at (x = 26, y = 65), 5:00:27 PM	
actions	Bartie Yung and michelina Yung Heard at (x = 57, y = 51), 5:00:27 PM	
actions	Bartie Yung and michelina Yung GiveBirth at (x = 55, y = 33), 5:00:27 PM	
actions	Bartie Yung and Berke Yung GenerateInstitution at (x = 41, y = 57), 5:00:27 PM	
actions	Bartie Yung and Berke Yung InstitutionHiring at (x = 41, y = 57), 5:00:27 PM	
actions	Berke Yung and Eve Yung Talk at (x = 15, y = 33), 5:00:27 PM	
actions	Berke Yung and Eve Yung Heard at (x = 15, y = 33), 5:00:27 PM	
actions	Eve Yung and Berke Yung Heard at (x = 15, y = 33), 5:00:27 PM	
actions	Eve Yung and Vijay Yung GenerateInstitution at (x = 5, y = 90), 5:00:27 PM	
actions	Eve Yung and Vijay Yung InstitutionHiring at (x = 5, y = 90), 5:00:27 PM	
actions	Bartie Yung and michelina Yung InstitutionHiring at (x = 69, y = 51), 5:00:27 PM	
actions	Vijay Yung and Salomo Yung InstitutionHiring at (x = 72, y = 35), 5:00:27 PM	
actions	Hollis Yung and Adam Yung InstitutionHiring at (x = 52, y = 57), 5:00:27 PM	
actions	Berke Yung and Hollis Yung InstitutionHiring at (x = 98, y = 60), 5:00:27 PM	
actions	Bartie Yung and Adam Yung Talk at (x = 36, y = 53), 5:00:27 PM	
actions	Bartie Yung and Adam Yung Heard at (x = 36, y = 53), 5:00:27 PM	
actions	Adam Yung and Bartie Yung Heard at (x = 36, y = 53), 5:00:27 PM	
actions	Salomo Yung and Eve Yung Heard at (x = 69, y = 94), 5:00:27 PM	
actions	michelina Yung and Bartie Yung GenerateInstitution at (x = 11, y = 39), 5:00:27 PM	
actions	michelina Yung and Bartie Yung InstitutionHiring at (x = 11, y = 39), 5:00:27 PM	
actions	Salomo Yung and Salomo Yung Talk at (x = 62, y = 23), 5:00:27 PM	
actions	Salomo Yung and Salomo Yung Heard at (x = 62, y = 23), 5:00:27 PM	
actions	Salomo Yung and Salomo Yung Heard at (x = 62, y = 23), 5:00:27 PM	
actions	Eve Yung and Bartie Yung InstitutionHiring at (x = 57, y = 1), 5:00:27 PM	
actions	Hollis Yung and Salomo Yung InstitutionHiring at (x = 73, y = 57), 5:00:27 PM	
actions	Berke Yung and Eve Yung InstitutionHiring at (x = 44, y = 40), 5:00:27 PM	
actions	michelina Yung and Adam Yung GenerateInstitution at (x = 6, y = 32), 5:00:27 PM	
actions	michelina Yung and Adam Yung InstitutionHiring at (x = 6, y = 32), 5:00:27 PM	
actions	Bartie Yung and Berke Yung GenerateInstitution at (x = 81, y = 31), 5:00:28 PM	
actions	Bartie Yung and Berke Yung InstitutionHiring at (x = 81, y = 31), 5:00:28 PM	
actions	Berke Yung and Hollis Yung Heard at (x = 84, y = 67), 5:00:28 PM	
actions	Eve Yung and Bartie Yung GenerateInstitution at (x = 18, y = 83), 5:00:28 PM	
actions	Eve Yung and Bartie Yung InstitutionHiring at (x = 18, y = 83), 5:00:28 PM	
actions	Vijay Yung and Salomo Yung InstitutionHiring at (x = 56, y = 67), 5:00:28 PM	
actions	Bartie Yung and Salomo Yung Heard at (x = 76, y = 69), 5:00:28 PM	
actions	Adam Yung and Eve Yung GiveBirth at (x = 14, y = 24), 5:00:28 PM	
actions	dosi Yung and Salomo Yung Talk at 